{
  "HIMS-real10k|legal_entry|Gender,educ_level,region_origin": [
    {
      "timestamp": "2026-06-27T10:05:23.800034",
      "seed": 42,
      "lambda_final": [
        2.483137767391447,
        4.704199252730145,
        5.539976254246479
      ],
      "lambda_at_best": [
        2.4831,
        4.7042,
        5.54
      ],
      "p_rules_final": {
        "Gender": 86.75496688741721,
        "region_origin": 81.30885122410547,
        "educ_level": 81.24688279301746
      },
      "accuracy_final": 0.8115,
      "total_epochs": 770,
      "iterations": 19,
      "success": true,
      "lambda_trajectory": [
        [
          0.0,
          0.0,
          0.0
        ],
        [
          0.17492704007183751,
          0.24172099087353327,
          0.26719533175014754
        ],
        [
          0.48055309237849364,
          0.6355708303195876,
          0.7254655111723673
        ],
        [
          0.8548405929236376,
          1.0662690353816116,
          1.3032104614918256
        ],
        [
          1.2765828106956316,
          1.5717720518955902,
          1.9244151678158827
        ],
        [
          1.7256424343033694,
          2.1502693092899565,
          2.6007736501765026
        ],
        [
          2.0916309895245466,
          2.623352982686352,
          3.1853488390565374
        ],
        [
          2.3688197918742353,
          3.0496386727078963,
          3.6525813964595946
        ],
        [
          2.483137767391447,
          3.4035797248233686,
          4.0260832115738365
        ],
        [
          2.408275390876148,
          3.6097519228426607,
          4.293259590318805
        ],
        [
          2.270339378869183,
          3.7569081850546007,
          4.526104742832541
        ],
        [
          2.052954286358347,
          3.860580796311138,
          4.72322179830222
        ],
        [
          1.7060445280195085,
          3.9691571212131604,
          4.890077498673087
        ],
        [
          2.483137767391447,
          4.160033906100299,
          5.080418616147407
        ],
        [
          2.2285629986336475,
          4.31607118951701,
          5.190337856325475
        ],
        [
          1.8957985810684987,
          4.382359434801363,
          5.277729163186615
        ],
        [
          1.6218151107282208,
          4.465960136027618,
          5.357048532936117
        ],
        [
          1.360598715736489,
          4.560092749625585,
          5.448692520776724
        ],
        [
          2.483137767391447,
          4.704199252730145,
          5.539976254246479
        ]
      ],
      "iteration_metrics": [
        {
          "iteration": 0,
          "accuracy": 0.878,
          "f1_score": 0.9154,
          "roc_auc": 0.9442,
          "precision": 0.916,
          "p_rules": {
            "Gender": 67.04,
            "region_origin": 62.46,
            "educ_level": 62.25
          },
          "lambda": [
            0.0,
            0.0,
            0.0
          ],
          "adv_loss": 0.0
        },
        {
          "iteration": 1,
          "accuracy": 0.8735,
          "f1_score": 0.913,
          "roc_auc": 0.9321,
          "precision": 0.9059,
          "p_rules": {
            "Gender": 68.34,
            "region_origin": 63.89,
            "educ_level": 62.19
          },
          "lambda": [
            0.0,
            0.0,
            0.0
          ],
          "adv_loss": 0.4578
        },
        {
          "iteration": 2,
          "accuracy": 0.8735,
          "f1_score": 0.9128,
          "roc_auc": 0.9257,
          "precision": 0.9081,
          "p_rules": {
            "Gender": 67.79,
            "region_origin": 65.02,
            "educ_level": 61.92
          },
          "lambda": [
            0.1749,
            0.2417,
            0.2672
          ],
          "adv_loss": 0.4689
        },
        {
          "iteration": 3,
          "accuracy": 0.866,
          "f1_score": 0.9082,
          "roc_auc": 0.923,
          "precision": 0.8978,
          "p_rules": {
            "Gender": 69.31,
            "region_origin": 69.67,
            "educ_level": 62.87
          },
          "lambda": [
            0.4806,
            0.6356,
            0.7255
          ],
          "adv_loss": 0.4702
        },
        {
          "iteration": 4,
          "accuracy": 0.872,
          "f1_score": 0.9126,
          "roc_auc": 0.9248,
          "precision": 0.8991,
          "p_rules": {
            "Gender": 69.35,
            "region_origin": 66.4,
            "educ_level": 65.55
          },
          "lambda": [
            0.8548,
            1.0663,
            1.3032
          ],
          "adv_loss": 0.4704
        },
        {
          "iteration": 5,
          "accuracy": 0.865,
          "f1_score": 0.9075,
          "roc_auc": 0.9256,
          "precision": 0.8971,
          "p_rules": {
            "Gender": 69.74,
            "region_origin": 65.02,
            "educ_level": 63.9
          },
          "lambda": [
            1.2766,
            1.5718,
            1.9244
          ],
          "adv_loss": 0.4709
        },
        {
          "iteration": 6,
          "accuracy": 0.848,
          "f1_score": 0.8972,
          "roc_auc": 0.9153,
          "precision": 0.8759,
          "p_rules": {
            "Gender": 76.56,
            "region_origin": 75.46,
            "educ_level": 72.59
          },
          "lambda": [
            1.7256,
            2.1503,
            2.6008
          ],
          "adv_loss": 0.4777
        },
        {
          "iteration": 7,
          "accuracy": 0.837,
          "f1_score": 0.8874,
          "roc_auc": 0.9014,
          "precision": 0.8849,
          "p_rules": {
            "Gender": 78.6,
            "region_origin": 73.66,
            "educ_level": 76.13
          },
          "lambda": [
            2.0916,
            2.6234,
            3.1853
          ],
          "adv_loss": 0.4938
        },
        {
          "iteration": 8,
          "accuracy": 0.8175,
          "f1_score": 0.8737,
          "roc_auc": 0.8766,
          "precision": 0.8722,
          "p_rules": {
            "Gender": 85.31,
            "region_origin": 76.3,
            "educ_level": 76.9
          },
          "lambda": [
            2.3688,
            3.0496,
            3.6526
          ],
          "adv_loss": 0.4991
        },
        {
          "iteration": 9,
          "accuracy": 0.8055,
          "f1_score": 0.8664,
          "roc_auc": 0.8719,
          "precision": 0.859,
          "p_rules": {
            "Gender": 90.33,
            "region_origin": 82.77,
            "educ_level": 79.62
          },
          "lambda": [
            2.4831,
            3.4036,
            4.0261
          ],
          "adv_loss": 0.5015
        },
        {
          "iteration": 10,
          "accuracy": 0.8125,
          "f1_score": 0.869,
          "roc_auc": 0.8762,
          "precision": 0.8761,
          "p_rules": {
            "Gender": 85.7,
            "region_origin": 79.81,
            "educ_level": 76.95
          },
          "lambda": [
            2.4083,
            3.6098,
            4.2933
          ],
          "adv_loss": 0.5015
        },
        {
          "iteration": 11,
          "accuracy": 0.8125,
          "f1_score": 0.8693,
          "roc_auc": 0.8707,
          "precision": 0.8745,
          "p_rules": {
            "Gender": 88.06,
            "region_origin": 79.96,
            "educ_level": 77.72
          },
          "lambda": [
            2.2703,
            3.7569,
            4.5261
          ],
          "adv_loss": 0.5014
        },
        {
          "iteration": 12,
          "accuracy": 0.801,
          "f1_score": 0.8604,
          "roc_auc": 0.8723,
          "precision": 0.8714,
          "p_rules": {
            "Gender": 92.98,
            "region_origin": 77.6,