{
  "HIMS-real10k|legal_entry|Gender,educ_level,region_origin": [
    {
      "timestamp": "2026-06-25T05:16:08.205359",
      "seed": 42,
      "lambda_final": [
        0.0,
        6.809530042566631,
        3.9892631643261183
      ],
      "lambda_at_best": [
        0.0,
        6.8095,
        3.9893
      ],
      "p_rules_final": {
        "Gender": 85.7385231332699,
        "region_origin": 84.3167701863354,
        "educ_level": 81.20581773686699
      },
      "accuracy_final": 0.8405,
      "total_epochs": 690,
      "iterations": 17,
      "success": true,
      "lambda_trajectory": [
        [
          0.0,
          0.0,
          0.0
        ],
        [
          0.12784139767410138,
          1.3538845331432647,
          0.7118523024836669
        ],
        [
          0.22749289296779834,
          2.4918651296218846,
          1.3540587667760207
        ],
        [
          0.3131692241918905,
          3.7464233343904683,
          2.0311592173458592
        ],
        [
          0.17281553906587205,
          4.229436888342238,
          2.4479703323089255
        ],
        [
          0.06772628796292395,
          4.771020868136573,
          2.7419088032196783
        ],
        [
          0.0,
          5.018348024230657,
          2.923531901151789
        ],
        [
          0.0,
          5.558644948939035,
          3.2151392185655574
        ],
        [
          0.0,
          5.566390064235637,
          3.258292268047721
        ],
        [
          0.0,
          5.676919137048629,
          3.35379329630363
        ],
        [
          0.0,
          5.89691913704863,
          3.574489444505109
        ],
        [
          0.0,
          6.133770469446947,
          3.6617002469476994
        ],
        [
          0.0,
          6.480025052998545,
          3.836627939342641
        ],
        [
          0.0,
          6.668315369991443,
          3.915051661543187
        ],
        [
          0.0,
          6.731979966264735,
          3.80824069473222
        ],
        [
          0.0,
          6.754258083404512,
          3.915051661543187
        ],
        [
          0.0,
          6.809530042566631,
          3.9892631643261183
        ]
      ],
      "iteration_metrics": [
        {
          "iteration": 0,
          "accuracy": 0.8735,
          "f1_score": 0.9172,
          "roc_auc": 0.9301,
          "precision": 0.911,
          "p_rules": {
            "Gender": 77.34,
            "region_origin": 54.0,
            "educ_level": 66.88
          },
          "lambda": [
            0.0,
            0.0,
            0.0
          ],
          "adv_loss": 0.0
        },
        {
          "iteration": 1,
          "accuracy": 0.863,
          "f1_score": 0.9105,
          "roc_auc": 0.9167,
          "precision": 0.9028,
          "p_rules": {
            "Gender": 77.44,
            "region_origin": 52.92,
            "educ_level": 65.76
          },
          "lambda": [
            0.0,
            0.0,
            0.0
          ],
          "adv_loss": 0.4771
        },
        {
          "iteration": 2,
          "accuracy": 0.8645,
          "f1_score": 0.9115,
          "roc_auc": 0.909,
          "precision": 0.9036,
          "p_rules": {
            "Gender": 78.01,
            "region_origin": 57.24,
            "educ_level": 67.16
          },
          "lambda": [
            0.1278,
            1.3539,
            0.7119
          ],
          "adv_loss": 0.4823
        },
        {
          "iteration": 3,
          "accuracy": 0.867,
          "f1_score": 0.9135,
          "roc_auc": 0.912,
          "precision": 0.9023,
          "p_rules": {
            "Gender": 78.29,
            "region_origin": 54.91,
            "educ_level": 66.46
          },
          "lambda": [
            0.2275,
            2.4919,
            1.3541
          ],
          "adv_loss": 0.4826
        },
        {
          "iteration": 4,
          "accuracy": 0.8635,
          "f1_score": 0.9122,
          "roc_auc": 0.9103,
          "precision": 0.8913,
          "p_rules": {
            "Gender": 82.81,
            "region_origin": 70.34,
            "educ_level": 71.66
          },
          "lambda": [
            0.3132,
            3.7464,
            2.0312
          ],
          "adv_loss": 0.4857
        },
        {
          "iteration": 5,
          "accuracy": 0.849,
          "f1_score": 0.9016,
          "roc_auc": 0.8997,
          "precision": 0.8918,
          "p_rules": {
            "Gender": 82.1,
            "region_origin": 69.17,
            "educ_level": 74.12
          },
          "lambda": [
            0.1728,
            4.2294,
            2.448
          ],
          "adv_loss": 0.492
        },
        {
          "iteration": 6,
          "accuracy": 0.8555,
          "f1_score": 0.9066,
          "roc_auc": 0.8976,
          "precision": 0.8902,
          "p_rules": {
            "Gender": 82.18,
            "region_origin": 75.05,
            "educ_level": 76.37
          },
          "lambda": [
            0.0677,
            4.771,
            2.7419
          ],
          "adv_loss": 0.4941
        },
        {
          "iteration": 7,
          "accuracy": 0.856,
          "f1_score": 0.9061,
          "roc_auc": 0.8975,
          "precision": 0.8973,
          "p_rules": {
            "Gender": 82.08,
            "region_origin": 69.19,
            "educ_level": 74.17
          },
          "lambda": [
            0.0,
            5.0183,
            2.9235
          ],
          "adv_loss": 0.4945
        },
        {
          "iteration": 8,
          "accuracy": 0.852,
          "f1_score": 0.9054,
          "roc_auc": 0.8886,
          "precision": 0.879,
          "p_rules": {
            "Gender": 85.38,
            "region_origin": 79.85,
            "educ_level": 79.14
          },
          "lambda": [
            0.0,
            5.5586,
            3.2151
          ],
          "adv_loss": 0.4953
        },
        {
          "iteration": 9,
          "accuracy": 0.845,
          "f1_score": 0.9003,
          "roc_auc": 0.8873,
          "precision": 0.8799,
          "p_rules": {
            "Gender": 85.42,
            "region_origin": 77.79,
            "educ_level": 78.09
          },
          "lambda": [
            0.0,
            5.5664,
            3.2583
          ],
          "adv_loss": 0.4953
        },
        {
          "iteration": 10,
          "accuracy": 0.855,
          "f1_score": 0.9067,
          "roc_auc": 0.8921,
          "precision": 0.8862,
          "p_rules": {
            "Gender": 83.79,
            "region_origin": 75.6,
            "educ_level": 75.59
          },
          "lambda": [
            0.0,
            5.6769,
            3.3538
          ],
          "adv_loss": 0.495
        },
        {
          "iteration": 11,
          "accuracy": 0.841,
          "f1_score": 0.8968,
          "roc_auc": 0.8904,
          "precision": 0.8841,
          "p_rules": {
            "Gender": 84.18,
            "region_origin": 75.26,
            "educ_level": 78.26
          },
          "lambda": [
            0.0,
            5.8969,
            3.5745
          ],
          "adv_loss": 0.4951
        },
        {
          "iteration": 12,
          "accuracy": 0.8445,
          "f1_score": 0.8989,
          "roc_auc": 0.8895,
          "precision": 0.8871,
          "p_rules": {
            "Gender": 85.07,
            "region_origin": 73.07,
            "educ_level": 76.5
          },
          "lambda": [
            0.0,
            6.1338,
            3.6617
          ],
          "adv_loss": 0.4954
        },
        {
          "iteration": 13,
          "accuracy": 0.8455,
          "f1_score": 0.9013,
          "roc_auc": 0.8891,
          "precision": 0.8748,
          "p_rules": {
            "Gender": 83.85,
            "region_origin": 76.23,