{
  "HIMS-real10k|legal_entry|Gender,educ_level,region_origin": [
    {
      "timestamp": "2026-06-25T04:47:24.060075",
      "seed": 42,
      "lambda_final": [
        0.3168746458330371,
        7.060872348930219,
        3.7362222651283234
      ],
      "lambda_at_best": [
        0.3169,
        7.0609,
        3.7362
      ],
      "p_rules_final": {
        "Gender": 86.30635419626245,
        "region_origin": 85.5072463768116,
        "educ_level": 80.56655498020103
      },
      "accuracy_final": 0.8405,
      "total_epochs": 570,
      "iterations": 14,
      "success": true,
      "lambda_trajectory": [
        [
          0.0,
          0.0,
          0.0
        ],
        [
          0.012784139767410135,
          0.13538845331432645,
          0.07118523024836668
        ],
        [
          0.03584379250238251,
          0.3852338195156719,
          0.20850185828279308
        ],
        [
          0.0663992899748337,
          0.7439443234499896,
          0.40243139829383545
        ],
        [
          0.10598546180334995,
          1.219644188890189,
          0.6489474392750318
        ],
        [
          0.15015176938892374,
          1.771975220222199,
          0.9365508990399887
        ],
        [
          0.20449427950196247,
          2.4148045337404938,
          1.2710105612285034
        ],
        [
          0.26531106664636017,
          3.1306405372253323,
          1.6363734215473311
        ],
        [
          0.3233811614388274,
          3.8684497764014987,
          2.014683165725609
        ],
        [
          0.3746996993665009,
          4.6184684298243,
          2.4018007474937235
        ],
        [
          0.4037944637743126,
          5.332470118759832,
          2.7688561418532416
        ],
        [
          0.4066751706812682,
          5.975748759257977,
          3.1229167258817276
        ],
        [
          0.3752307297611292,
          6.552215063656617,
          3.4451602872005225
        ],
        [
          0.3168746458330371,
          7.060872348930219,
          3.7362222651283234
        ]
      ],
      "iteration_metrics": [
        {
          "iteration": 0,
          "accuracy": 0.8735,
          "f1_score": 0.9172,
          "roc_auc": 0.9301,
          "precision": 0.911,
          "p_rules": {
            "Gender": 77.34,
            "region_origin": 54.0,
            "educ_level": 66.88
          },
          "lambda": [
            0.0,
            0.0,
            0.0
          ],
          "adv_loss": 0.0
        },
        {
          "iteration": 1,
          "accuracy": 0.863,
          "f1_score": 0.9105,
          "roc_auc": 0.9167,
          "precision": 0.9028,
          "p_rules": {
            "Gender": 77.44,
            "region_origin": 52.92,
            "educ_level": 65.76
          },
          "lambda": [
            0.0,
            0.0,
            0.0
          ],
          "adv_loss": 0.4771
        },
        {
          "iteration": 2,
          "accuracy": 0.875,
          "f1_score": 0.9184,
          "roc_auc": 0.9152,
          "precision": 0.9106,
          "p_rules": {
            "Gender": 77.69,
            "region_origin": 54.4,
            "educ_level": 65.35
          },
          "lambda": [
            0.0128,
            0.1354,
            0.0712
          ],
          "adv_loss": 0.4814
        },
        {
          "iteration": 3,
          "accuracy": 0.871,
          "f1_score": 0.9161,
          "roc_auc": 0.9009,
          "precision": 0.9049,
          "p_rules": {
            "Gender": 78.04,
            "region_origin": 53.23,
            "educ_level": 65.93
          },
          "lambda": [
            0.0358,
            0.3852,
            0.2085
          ],
          "adv_loss": 0.4819
        },
        {
          "iteration": 4,
          "accuracy": 0.8645,
          "f1_score": 0.9109,
          "roc_auc": 0.9121,
          "precision": 0.9089,
          "p_rules": {
            "Gender": 77.58,
            "region_origin": 49.43,
            "educ_level": 65.6
          },
          "lambda": [
            0.0664,
            0.7439,
            0.4024
          ],
          "adv_loss": 0.4818
        },
        {
          "iteration": 5,
          "accuracy": 0.872,
          "f1_score": 0.9163,
          "roc_auc": 0.9055,
          "precision": 0.9092,
          "p_rules": {
            "Gender": 78.29,
            "region_origin": 55.16,
            "educ_level": 66.85
          },
          "lambda": [
            0.106,
            1.2196,
            0.6489
          ],
          "adv_loss": 0.4817
        },
        {
          "iteration": 6,
          "accuracy": 0.8695,
          "f1_score": 0.9138,
          "roc_auc": 0.9103,
          "precision": 0.9159,
          "p_rules": {
            "Gender": 77.08,
            "region_origin": 50.85,
            "educ_level": 64.88
          },
          "lambda": [
            0.1502,
            1.772,
            0.9366
          ],
          "adv_loss": 0.4818
        },
        {
          "iteration": 7,
          "accuracy": 0.868,
          "f1_score": 0.9132,
          "roc_auc": 0.9057,
          "precision": 0.912,
          "p_rules": {
            "Gender": 77.62,
            "region_origin": 52.54,
            "educ_level": 67.13
          },
          "lambda": [
            0.2045,
            2.4148,
            1.271
          ],
          "adv_loss": 0.4818
        },
        {
          "iteration": 8,
          "accuracy": 0.878,
          "f1_score": 0.9212,
          "roc_auc": 0.902,
          "precision": 0.9037,
          "p_rules": {
            "Gender": 79.33,
            "region_origin": 61.29,
            "educ_level": 70.1
          },
          "lambda": [
            0.2653,
            3.1306,
            1.6364
          ],
          "adv_loss": 0.4819
        },
        {
          "iteration": 9,
          "accuracy": 0.863,
          "f1_score": 0.9109,
          "roc_auc": 0.9081,
          "precision": 0.8992,
          "p_rules": {
            "Gender": 80.19,
            "region_origin": 62.8,
            "educ_level": 70.67
          },
          "lambda": [
            0.3234,
            3.8684,
            2.0147
          ],
          "adv_loss": 0.4828
        },
        {
          "iteration": 10,
          "accuracy": 0.8545,
          "f1_score": 0.9054,
          "roc_auc": 0.9032,
          "precision": 0.8935,
          "p_rules": {
            "Gender": 83.42,
            "region_origin": 72.2,
            "educ_level": 76.27
          },
          "lambda": [
            0.3747,
            4.6185,
            2.4018
          ],
          "adv_loss": 0.4902
        },
        {
          "iteration": 11,
          "accuracy": 0.849,
          "f1_score": 0.9032,
          "roc_auc": 0.8851,
          "precision": 0.8795,
          "p_rules": {
            "Gender": 84.66,
            "region_origin": 79.86,
            "educ_level": 75.26
          },
          "lambda": [
            0.4038,
            5.3325,
            2.7689
          ],
          "adv_loss": 0.4968
        },
        {
          "iteration": 12,
          "accuracy": 0.8415,
          "f1_score": 0.8974,
          "roc_auc": 0.8823,
          "precision": 0.8822,
          "p_rules": {
            "Gender": 86.81,
            "region_origin": 80.5,
            "educ_level": 79.28
          },
          "lambda": [
            0.4067,
            5.9757,
            3.1229
          ],
          "adv_loss": 0.4987
        },
        {
          "iteration": 13,
          "accuracy": 0.844,
          "f1_score": 0.901,
          "roc_auc": 0.8835,
          "precision": 0.8695,
          "p_rules": {
            "Gender": 86.01,
            "region_origin": 82.03,
            "educ_level": 79.79
          },
          "lambda": [
            0.3752,
            6.5522,
            3.4452
          ],