{
  "HIMS-Tunisia|legal_entry|Gender,educ_level,region_origin": [
    {
      "timestamp": "2026-06-21T17:13:28.532779",
      "seed": null,
      "lambda_final": [
        0.27136868100990114,
        7.093404232951335,
        6.497442032456087
      ],
      "lambda_at_best": [
        0.8116,
        5.6425,
        4.1922
      ],
      "p_rules_final": {
        "Gender": 80.86833411986785,
        "region_origin": 76.10294117647058,
        "educ_level": 76.48981161091889
      },
      "accuracy_final": 0.8246,
      "total_epochs": 1260,
      "iterations": 25,
      "success": false,
      "lambda_trajectory": [
        [
          0.0,
          0.0,
          0.0
        ],
        [
          0.02281855497197327,
          0.22286184210526302,
          0.15196078431372548
        ],
        [
          0.10598029978257983,
          0.6030427631578945,
          0.3931525735294118
        ],
        [
          0.2299450459828,
          1.071504934210526,
          0.6446399551668495
        ],
        [
          0.3585356574702895,
          1.5646042629800851,
          0.9407800654229085
        ],
        [
          0.43856849322203656,
          1.9940086570945943,
          1.1465843253439663
        ],
        [
          0.5123272423862537,
          2.4481288435698385,
          1.4146978523633187
        ],
        [
          0.565780190816911,
          2.885377292971844,
          1.6870373483208128
        ],
        [
          0.6415864196334665,
          3.2354353412022587,
          1.980784034359552
        ],
        [
          0.6914365795696746,
          3.6318185319841327,
          2.2603445431543223
        ],
        [
          0.732893294436856,
          3.982124097963305,
          2.527143251992307
        ],
        [
          0.7795772913230188,
          4.362439924431152,
          2.8549053515093386
        ],
        [
          0.807381085638939,
          4.668669266236504,
          3.121821846215064
        ],
        [
          0.8368992683518348,
          4.965805676269615,
          3.387967259343328
        ],
        [
          0.8422641879291416,
          5.176873881286171,
          3.6305987894368714
        ],
        [
          0.8438311987495853,
          5.358300840937305,
          3.871873858960151
        ],
        [
          0.8115650306984971,
          5.642488585468755,
          4.192209484878783
        ],
        [
          0.7845777701746047,
          5.833295693028598,
          4.3962546527016135
        ],
        [
          0.7450467504145667,
          5.9911992468085185,
          4.61373302157602
        ],
        [
          0.6868254572037081,
          6.161497177544633,
          4.862973000925783
        ],
        [
          0.6104898141651216,
          6.316039525265631,
          5.108868145399426
        ],
        [
          0.55208142455733,
          6.483384228537894,
          5.3893926556962395
        ],
        [
          0.48092195565883716,
          6.6508633983558445,
          5.633237619095732
        ],
        [
          0.41466737458382374,
          6.839716619628456,
          5.933081269262865
        ],
        [
          0.33958480995171997,
          6.996643230264762,
          6.223503889258991
        ]
      ],
      "iteration_metrics": [
        {
          "iteration": 0,
          "accuracy": 0.8515,
          "f1_score": 0.9039,
          "roc_auc": 0.8911,
          "precision": 0.8947,
          "p_rules": {
            "Gender": 76.74,
            "region_origin": 56.25,
            "educ_level": 62.43
          },
          "lambda": [
            0.0,
            0.0,
            0.0
          ],
          "adv_loss": 0.0
        },
        {
          "iteration": 1,
          "accuracy": 0.861,
          "f1_score": 0.9113,
          "roc_auc": 0.8879,
          "precision": 0.8898,
          "p_rules": {
            "Gender": 78.17,
            "region_origin": 62.17,
            "educ_level": 67.84
          },
          "lambda": [
            0.0,
            0.0,
            0.0
          ],
          "adv_loss": 1.1263
        },
        {
          "iteration": 2,
          "accuracy": 0.8452,
          "f1_score": 0.899,
          "roc_auc": 0.8847,
          "precision": 0.8971,
          "p_rules": {
            "Gender": 74.26,
            "region_origin": 58.5,
            "educ_level": 66.78
          },
          "lambda": [
            0.0228,
            0.2229,
            0.152
          ],
          "adv_loss": 1.1339
        },
        {
          "iteration": 3,
          "accuracy": 0.8499,
          "f1_score": 0.9024,
          "roc_auc": 0.8785,
          "precision": 0.8978,
          "p_rules": {
            "Gender": 73.41,
            "region_origin": 57.73,
            "educ_level": 69.53
          },
          "lambda": [
            0.106,
            0.603,
            0.3932
          ],
          "adv_loss": 1.1367
        },
        {
          "iteration": 4,
          "accuracy": 0.8499,
          "f1_score": 0.903,
          "roc_auc": 0.8709,
          "precision": 0.8929,
          "p_rules": {
            "Gender": 74.67,
            "region_origin": 59.29,
            "educ_level": 66.37
          },
          "lambda": [
            0.2299,
            1.0715,
            0.6446
          ],
          "adv_loss": 1.137
        },
        {
          "iteration": 5,
          "accuracy": 0.8468,
          "f1_score": 0.9021,
          "roc_auc": 0.8695,
          "precision": 0.8817,
          "p_rules": {
            "Gender": 78.74,
            "region_origin": 65.37,
            "educ_level": 75.38
          },
          "lambda": [
            0.3585,
            1.5646,
            0.9408
          ],
          "adv_loss": 1.138
        },
        {
          "iteration": 6,
          "accuracy": 0.8404,
          "f1_score": 0.8966,
          "roc_auc": 0.868,
          "precision": 0.8884,
          "p_rules": {
            "Gender": 77.3,
            "region_origin": 60.85,
            "educ_level": 66.78
          },
          "lambda": [
            0.4386,
            1.994,
            1.1466
          ],
          "adv_loss": 1.141
        },
        {
          "iteration": 7,
          "accuracy": 0.8262,
          "f1_score": 0.8873,
          "roc_auc": 0.8659,
          "precision": 0.8801,
          "p_rules": {
            "Gender": 78.67,
            "region_origin": 63.18,
            "educ_level": 68.94
          },
          "lambda": [
            0.5123,
            2.4481,
            1.4147
          ],
          "adv_loss": 1.147
        },
        {
          "iteration": 8,
          "accuracy": 0.8215,
          "f1_score": 0.8819,
          "roc_auc": 0.862,
          "precision": 0.8922,
          "p_rules": {
            "Gender": 76.07,
            "region_origin": 69.49,
            "educ_level": 67.39
          },
          "lambda": [
            0.5658,
            2.8854,
            1.687
          ],
          "adv_loss": 1.1564
        },
        {
          "iteration": 9,
          "accuracy": 0.8325,
          "f1_score": 0.8912,
          "roc_auc": 0.8522,
          "precision": 0.8857,
          "p_rules": {
            "Gender": 79.04,
            "region_origin": 62.29,
            "educ_level": 69.39
          },
          "lambda": [
            0.6416,
            3.2354,
            1.9808
          ],
          "adv_loss": 1.161
        },
        {
          "iteration": 10,
          "accuracy": 0.8215,
          "f1_score": 0.8829,
          "roc_auc": 0.8498,
          "precision": 0.8857,
          "p_rules": {
            "Gender": 78.68,
            "region_origin": 67.83,
            "educ_level": 69.84
          },
          "lambda": [
            0.6914,
            3.6318,
            2.2603
          ],
          "adv_loss": 1.1628
        },
        {
          "iteration": 11,