{
  "HIMS-10k|legal_entry|Gender,educ_level,region_origin": [
    {
      "timestamp": "2026-06-24T23:57:04.021453",
      "seed": 42,
      "lambda_final": [
        1.252476654177229,
        10.620687269426213,
        4.4468455226180605
      ],
      "lambda_at_best": [
        1.2525,
        10.6207,
        4.4468
      ],
      "p_rules_final": {
        "Gender": 84.39758461549751,
        "region_origin": 81.54216121552251,
        "educ_level": 81.20314253647587
      },
      "accuracy_final": 0.825,
      "total_epochs": 890,
      "iterations": 22,
      "success": true,
      "lambda_trajectory": [
        [
          0.0,
          0.0,
          0.0
        ],
        [
          0.044238377500451155,
          0.1326334379905808,
          0.054527447651386514
        ],
        [
          0.11079638741991446,
          0.37499957470557677,
          0.17104369608245693
        ],
        [
          0.1653619903035995,
          0.7171429570241263,
          0.34018264183947927
        ],
        [
          0.23338466408844363,
          1.134275148018439,
          0.5280627770796797
        ],
        [
          0.32583771567167163,
          1.6295102906564267,
          0.7218655888973
        ],
        [
          0.4207822985346086,
          2.1846165791503025,
          0.9298424450379481
        ],
        [
          0.5304462819615648,
          2.7901704841619033,
          1.1569198159108818
        ],
        [
          0.6463138276328158,
          3.449817779533003,
          1.4037634031752602
        ],
        [
          0.7699573100675339,
          4.12510963030234,
          1.657174756062823
        ],
        [
          0.8893591137232709,
          4.804254485234076,
          1.9280671758414911
        ],
        [
          1.0042448729119082,
          5.4851564827223545,
          2.1950127219049116
        ],
        [
          1.1097172718027142,
          6.163006496520429,
          2.4708246551902446
        ],
        [
          1.1854497983491858,
          6.8144906248476085,
          2.7481060396420376
        ],
        [
          1.2429649105365737,
          7.403048052059267,
          3.0205129073061006
        ],
        [
          1.2868152105804813,
          7.964132174582444,
          3.2701666458275804
        ],
        [
          1.3271951739067762,
          8.502773255763572,
          3.509956669635569
        ],
        [
          1.343924312067351,
          8.97989730173871,
          3.7274022804666216
        ],
        [
          1.346561372487854,
          9.418749665970362,
          3.9202549264221007
        ],
        [
          1.3310180511284568,
          9.840138354769657,
          4.092174644388349
        ],
        [
          1.3012709440979344,
          10.254365717829831,
          4.276600314013546
        ],
        [
          1.252476654177229,
          10.620687269426213,
          4.4468455226180605
        ]
      ],
      "iteration_metrics": [
        {
          "iteration": 0,
          "accuracy": 0.879,
          "f1_score": 0.9036,
          "roc_auc": 0.9516,
          "precision": 0.9007,
          "p_rules": {
            "Gender": 72.68,
            "region_origin": 54.74,
            "educ_level": 66.93
          },
          "lambda": [
            0.0,
            0.0,
            0.0
          ],
          "adv_loss": 0.0
        },
        {
          "iteration": 1,
          "accuracy": 0.8615,
          "f1_score": 0.8898,
          "roc_auc": 0.9391,
          "precision": 0.8859,
          "p_rules": {
            "Gender": 71.15,
            "region_origin": 53.47,
            "educ_level": 69.09
          },
          "lambda": [
            0.0,
            0.0,
            0.0
          ],
          "adv_loss": 0.5083
        },
        {
          "iteration": 2,
          "accuracy": 0.865,
          "f1_score": 0.8929,
          "roc_auc": 0.9383,
          "precision": 0.8859,
          "p_rules": {
            "Gender": 74.65,
            "region_origin": 55.4,
            "educ_level": 66.51
          },
          "lambda": [
            0.0442,
            0.1326,
            0.0545
          ],
          "adv_loss": 0.5112
        },
        {
          "iteration": 3,
          "accuracy": 0.8575,
          "f1_score": 0.888,
          "roc_auc": 0.9324,
          "precision": 0.8733,
          "p_rules": {
            "Gender": 81.07,
            "region_origin": 55.2,
            "educ_level": 67.15
          },
          "lambda": [
            0.1108,
            0.375,
            0.171
          ],
          "adv_loss": 0.5151
        },
        {
          "iteration": 4,
          "accuracy": 0.857,
          "f1_score": 0.887,
          "roc_auc": 0.9319,
          "precision": 0.8772,
          "p_rules": {
            "Gender": 76.22,
            "region_origin": 58.16,
            "educ_level": 72.87
          },
          "lambda": [
            0.1654,
            0.7171,
            0.3402
          ],
          "adv_loss": 0.5179
        },
        {
          "iteration": 5,
          "accuracy": 0.8575,
          "f1_score": 0.8864,
          "roc_auc": 0.9315,
          "precision": 0.8839,
          "p_rules": {
            "Gender": 73.75,
            "region_origin": 56.04,
            "educ_level": 75.06
          },
          "lambda": [
            0.2334,
            1.1343,
            0.5281
          ],
          "adv_loss": 0.5194
        },
        {
          "iteration": 6,
          "accuracy": 0.854,
          "f1_score": 0.8847,
          "roc_auc": 0.9298,
          "precision": 0.8743,
          "p_rules": {
            "Gender": 77.65,
            "region_origin": 58.12,
            "educ_level": 73.29
          },
          "lambda": [
            0.3258,
            1.6295,
            0.7219
          ],
          "adv_loss": 0.5201
        },
        {
          "iteration": 7,
          "accuracy": 0.852,
          "f1_score": 0.8825,
          "roc_auc": 0.9291,
          "precision": 0.8763,
          "p_rules": {
            "Gender": 75.16,
            "region_origin": 58.81,
            "educ_level": 72.02
          },
          "lambda": [
            0.4208,
            2.1846,
            0.9298
          ],
          "adv_loss": 0.5205
        },
        {
          "iteration": 8,
          "accuracy": 0.8545,
          "f1_score": 0.885,
          "roc_auc": 0.9301,
          "precision": 0.875,
          "p_rules": {
            "Gender": 76.57,
            "region_origin": 57.07,
            "educ_level": 71.51
          },
          "lambda": [
            0.5304,
            2.7902,
            1.1569
          ],
          "adv_loss": 0.5208
        },
        {
          "iteration": 9,
          "accuracy": 0.852,
          "f1_score": 0.8833,
          "roc_auc": 0.9252,
          "precision": 0.8716,
          "p_rules": {
            "Gender": 76.13,
            "region_origin": 63.68,
            "educ_level": 73.75
          },
          "lambda": [
            0.6463,
            3.4498,
            1.4038
          ],
          "adv_loss": 0.5212
        },
        {
          "iteration": 10,
          "accuracy": 0.8515,
          "f1_score": 0.8838,
          "roc_auc": 0.9256,
          "precision": 0.8658,
          "p_rules": {
            "Gender": 78.38,
            "region_origin": 65.72,
            "educ_level": 71.44
          },
          "lambda": [
            0.77,
            4.1251,
            1.6572
          ],
          "adv_loss": 0.5217
        },
        {
          "iteration": 11,
          "accuracy": 0.845,
          "f1_score": 0.8786,
          "roc_auc": 0.9201,
          "precision": 0.8611,
          "p_rules": {
            "Gender": 78.52,
            "region_origin": 66.07,
            "educ_level": 75.37
          },